material_id,description,category,unit_price,stock_qty,safety_stock,plant_code,created_on
MAT-0001,Adaptive asynchronous open system,Chemicals,3972.25,382,61,PLT-PUN,2026-07-04 19:56:59
MAT-0002,Front-line responsive service-desk,Chemicals,3216.01,259,39,PLT-CHE,2026-08-07 00:17:54
MAT-0003,Total cohesive orchestration,Chemicals,3315.49,456,70,PLT-CHE,2026-03-15 18:40:13
MAT-0004,Customer-focused zero-defect task-force,Finished Goods,1696.91,308,51,PLT-COI,2026-04-04 02:14:43
MAT-0005,Ergonomic reciprocal circuit,Raw Material,611.25,374,75,PLT-HYD,2025-09-13 08:44:16
MAT-0006,Optimized real-time capability,Raw Material,1564.02,40,47,PLT-HYD,2026-03-18 03:27:19
MAT-0007,Profit-focused interactive knowledgebase,Raw Material,3823.54,81,58,PLT-COI,2026-02-07 00:37:15
MAT-0008,Phased mobile website,Packaging,402.79,413,44,PLT-COI,2026-02-22 16:49:48
MAT-0009,Exclusive solution-oriented encryption,Packaging,2688.88,320,29,PLT-HYD,2026-04-17 15:08:26
MAT-0010,Organic client-driven moratorium,Finished Goods,246.91,186,52,PLT-COI,2026-03-05 06:28:09
MAT-0011,Face-to-face encompassing Graphical User Interface,Raw Material,2219.71,441,86,PLT-HYD,2025-11-09 14:46:07
MAT-0012,Sharable value-added policy,Raw Material,2348.38,234,27,PLT-HYD,2026-01-24 06:57:00
MAT-0013,Fully-configurable maximized capacity,Packaging,1810.94,243,38,PLT-CHE,2025-09-10 08:44:27
MAT-0014,De-engineered eco-centric knowledgebase,Chemicals,3915.77,483,87,PLT-PUN,2026-06-14 19:13:39
MAT-0015,Re-contextualized actuating protocol,Raw Material,1875.4,13,85,PLT-PUN,2026-01-15 22:47:06
MAT-0016,Function-based upward-trending Graphical User Interface,Raw Material,2908.54,24,53,PLT-PUN,2025-12-19 17:54:37
MAT-0017,Cross-group bandwidth-monitored adapter,Raw Material,3666.41,94,81,PLT-COI,2026-07-27 10:57:29
MAT-0018,Switchable homogeneous alliance,Spare Parts,3086.23,336,33,PLT-HYD,2025-10-24 06:04:14
MAT-0019,Versatile global forecast,Packaging,2619.85,307,88,PLT-CHE,2026-02-05 12:10:35
MAT-0020,Reactive intangible support,Raw Material,4881.09,320,35,PLT-HYD,2026-03-04 18:41:29
MAT-0021,Cross-platform composite info-mediaries,Packaging,1038.44,124,93,PLT-CHE,2026-06-05 22:16:57
MAT-0022,Fully-configurable reciprocal paradigm,Raw Material,4788.05,96,54,PLT-COI,2026-06-11 21:18:52
MAT-0023,De-engineered modular contingency,Chemicals,132.6,167,78,PLT-HYD,2026-08-12 10:57:33
MAT-0024,Synergized holistic info-mediaries,Raw Material,3803.8,250,37,PLT-COI,2026-07-24 01:19:20
MAT-0025,Automated static help-desk,Finished Goods,1397.27,290,58,PLT-CHE,2026-05-17 03:24:27
MAT-0026,Centralized secondary interface,Spare Parts,3305.78,40,99,PLT-CHE,2026-06-29 20:29:05
MAT-0027,Down-sized value-added workforce,Packaging,901.2,404,52,PLT-PUN,2025-09-23 14:19:09
MAT-0028,Integrated object-oriented moratorium,Raw Material,3715.5,137,38,PLT-CHE,2026-03-05 16:55:24
MAT-0029,Team-oriented intangible challenge,Spare Parts,4022.0,301,73,PLT-CHE,2026-03-05 04:12:22
MAT-0030,Down-sized background archive,Raw Material,4269.49,329,51,PLT-CHE,2025-10-06 21:20:58
MAT-0031,Programmable tangible Local Area Network,Chemicals,2527.46,388,95,PLT-CHE,2026-05-24 17:51:24
MAT-0032,Progressive fault-tolerant conglomeration,Chemicals,2184.89,405,46,PLT-HYD,2026-01-17 12:09:14
MAT-0033,Organized disintermediate synergy,Chemicals,2606.93,159,40,PLT-PUN,2026-07-18 13:36:40
MAT-0034,Automated methodical benchmark,Spare Parts,2378.52,409,67,PLT-CHE,2025-10-29 17:06:40
MAT-0035,Front-line web-enabled groupware,Spare Parts,4223.49,465,50,PLT-HYD,2026-07-14 01:04:40
MAT-0036,Front-line didactic process improvement,Packaging,3240.1,227,67,PLT-COI,2026-07-13 18:52:41
MAT-0037,Profit-focused eco-centric moratorium,Chemicals,4117.66,70,62,PLT-PUN,2026-03-10 23:38:49
MAT-0038,Down-sized attitude-oriented solution,Finished Goods,4207.91,486,64,PLT-PUN,2025-09-26 14:23:49
MAT-0039,Inverse clear-thinking function,Packaging,3288.76,362,22,PLT-HYD,2026-02-23 02:35:59
MAT-0040,Team-oriented high-level flexibility,Finished Goods,4914.12,220,34,PLT-PUN,2026-08-14 21:46:35
MAT-0041,Ergonomic homogeneous infrastructure,Raw Material,4566.15,433,45,PLT-CHE,2025-11-14 08:23:45
MAT-0042,Function-based 24hour capacity,Raw Material,1628.73,119,67,PLT-PUN,2025-10-18 16:33:08
MAT-0043,Robust bottom-line knowledge user,Finished Goods,541.87,218,76,PLT-CHE,2026-06-23 23:50:37
MAT-0044,Future-proofed zero administration artificial intelligence,Packaging,2974.39,79,42,PLT-PUN,2025-12-29 18:57:12
MAT-0045,Open-architected secondary database,Finished Goods,2407.25,400,73,PLT-PUN,2026-07-08 15:06:11
MAT-0046,Customizable asynchronous emulation,Packaging,3459.07,117,67,PLT-HYD,2026-07-29 20:53:51
MAT-0047,Robust discrete intranet,Spare Parts,1464.18,214,23,PLT-COI,2026-07-02 21:29:39
MAT-0048,Managed 24hour hardware,Raw Material,2251.17,286,47,PLT-HYD,2025-08-23 20:22:16
MAT-0049,Decentralized foreground portal,Finished Goods,4108.31,32,71,PLT-CHE,2025-10-07 20:07:59
MAT-0050,Balanced bandwidth-monitored info-mediaries,Chemicals,1908.67,192,50,PLT-HYD,2025-12-03 10:43:27
MAT-0051,Synergized optimizing projection,Chemicals,2428.88,498,98,PLT-PUN,2026-05-07 14:54:03
MAT-0052,Profound mobile budgetary management,Packaging,3883.03,171,26,PLT-HYD,2025-09-25 10:31:48
MAT-0053,Switchable homogeneous monitoring,Spare Parts,1038.37,276,28,PLT-CHE,2025-08-24 11:52:51
MAT-0054,Exclusive empowering intranet,Raw Material,3557.59,227,33,PLT-CHE,2025-11-08 02:55:24
MAT-0055,Proactive responsive strategy,Raw Material,4637.8,332,45,PLT-PUN,2026-05-29 05:15:36
MAT-0056,Cross-platform directional functionalities,Packaging,4553.96,438,20,PLT-COI,2026-06-28 03:05:31
MAT-0057,Re-contextualized exuding ability,Finished Goods,1503.66,297,75,PLT-PUN,2025-09-25 00:58:01
MAT-0058,Upgradable intermediate support,Spare Parts,766.33,23,47,PLT-PUN,2026-01-06 15:45:13
MAT-0059,Exclusive transitional moratorium,Spare Parts,4461.39,69,39,PLT-COI,2026-03-11 23:09:45
MAT-0060,Enhanced disintermediate intranet,Spare Parts,3913.28,338,42,PLT-PUN,2026-03-11 15:11:57
MAT-0061,Seamless maximized concept,Chemicals,4629.94,271,66,PLT-HYD,2025-09-15 19:13:48
MAT-0062,Customer-focused grid-enabled software,Raw Material,4934.35,263,57,PLT-PUN,2026-02-23 14:23:57
MAT-0063,Down-sized disintermediate open architecture,Spare Parts,1472.39,490,22,PLT-HYD,2026-08-02 11:17:23
MAT-0064,Up-sized next generation help-desk,Chemicals,2071.27,317,36,PLT-COI,2026-04-02 04:44:32
MAT-0065,Devolved hybrid synergy,Finished Goods,4223.09,38,21,PLT-PUN,2026-05-13 14:11:07
MAT-0066,Persevering context-sensitive database,Raw Material,4744.62,217,32,PLT-PUN,2025-10-12 02:16:20
MAT-0067,Re-contextualized logistical array,Chemicals,2282.9,21,22,PLT-COI,2026-01-24 21:18:09
MAT-0068,Automated even-keeled time-frame,Spare Parts,4088.35,270,69,PLT-HYD,2026-03-06 17:34:06
MAT-0069,Object-based discrete initiative,Spare Parts,4957.03,336,62,PLT-COI,2025-08-31 17:18:14
MAT-0070,Object-based bottom-line emulation,Chemicals,1138.02,361,22,PLT-HYD,2026-08-15 03:21:54
MAT-0071,Profit-focused hybrid workforce,Spare Parts,2520.81,72,49,PLT-CHE,2026-07-23 00:54:16
MAT-0072,Reverse-engineered cohesive instruction set,Raw Material,139.63,417,82,PLT-COI,2026-05-16 05:27:51
MAT-0073,Distributed next generation hierarchy,Finished Goods,2149.73,30,56,PLT-CHE,2026-05-02 12:29:23
MAT-0074,Organized interactive access,Chemicals,2548.65,233,30,PLT-COI,2026-04-17 20:29:05
MAT-0075,Open-architected non-volatile throughput,Spare Parts,2519.72,170,91,PLT-PUN,2026-07-18 14:25:46
MAT-0076,User-friendly 5thgeneration policy,Spare Parts,2403.12,363,66,PLT-HYD,2026-02-28 16:55:41
MAT-0077,Streamlined didactic service-desk,Chemicals,1416.0,499,44,PLT-COI,2026-01-22 09:06:26
MAT-0078,Reverse-engineered scalable instruction set,Chemicals,686.29,431,41,PLT-CHE,2026-01-14 12:52:42
MAT-0079,Reactive executive encryption,Raw Material,3412.58,266,43,PLT-PUN,2026-03-28 07:33:26
MAT-0080,Grass-roots actuating capacity,Packaging,3645.79,54,82,PLT-PUN,2026-05-12 02:38:50
MAT-0081,Persistent tangible core,Spare Parts,2363.81,161,96,PLT-COI,2025-11-01 03:11:39
MAT-0082,Synergistic transitional product,Spare Parts,4657.39,197,81,PLT-HYD,2025-11-19 19:23:05
MAT-0083,Monitored intermediate product,Finished Goods,1666.27,285,33,PLT-CHE,2026-01-14 20:54:52
MAT-0084,Phased system-worthy parallelism,Raw Material,1096.6,376,81,PLT-PUN,2025-08-21 00:11:23
MAT-0085,Multi-lateral responsive strategy,Finished Goods,1452.1,104,44,PLT-COI,2025-12-17 06:11:14
MAT-0086,Switchable 6thgeneration toolset,Raw Material,1310.62,91,20,PLT-COI,2026-06-23 21:35:52
MAT-0087,Programmable full-range collaboration,Chemicals,625.81,392,24,PLT-PUN,2025-08-23 06:51:43
MAT-0088,Organized real-time knowledgebase,Raw Material,2918.56,493,54,PLT-HYD,2026-02-02 04:06:07
MAT-0089,Quality-focused non-volatile function,Spare Parts,4427.75,406,43,PLT-CHE,2025-10-31 16:21:41
MAT-0090,Re-engineered motivating success,Raw Material,1069.17,259,23,PLT-CHE,2026-02-26 02:33:04
MAT-0091,Persistent non-volatile portal,Raw Material,1680.34,35,23,PLT-PUN,2025-10-04 21:22:43
MAT-0092,Total interactive functionalities,Spare Parts,1795.42,257,89,PLT-PUN,2026-02-23 17:08:21
MAT-0093,Upgradable object-oriented circuit,Spare Parts,2626.35,440,30,PLT-PUN,2026-02-13 01:04:29
MAT-0094,Optional human-resource installation,Raw Material,3116.95,113,72,PLT-HYD,2026-05-30 14:16:51
MAT-0095,Compatible next generation capability,Chemicals,268.61,45,30,PLT-CHE,2026-01-07 01:39:06
MAT-0096,Cross-platform directional intranet,Finished Goods,1161.73,40,39,PLT-CHE,2026-06-25 11:18:04
MAT-0097,Synergistic attitude-oriented Graphic Interface,Raw Material,1807.08,93,61,PLT-HYD,2025-10-07 10:39:03
MAT-0098,Upgradable 24hour capacity,Raw Material,2002.35,379,55,PLT-PUN,2025-09-07 18:58:11
MAT-0099,De-engineered maximized migration,Packaging,366.59,294,29,PLT-COI,2025-12-21 05:01:30
MAT-0100,Exclusive bottom-line parallelism,Packaging,2156.59,228,67,PLT-CHE,2026-06-28 19:05:38
MAT-0101,Proactive intermediate time-frame,Finished Goods,3543.46,278,55,PLT-COI,2026-06-08 07:09:24
MAT-0102,Mandatory non-volatile middleware,Finished Goods,2196.27,119,60,PLT-CHE,2026-01-06 13:22:09
MAT-0103,Cross-group systemic moderator,Raw Material,1892.29,359,92,PLT-CHE,2026-02-07 02:50:50
MAT-0104,Managed homogeneous approach,Finished Goods,3561.22,209,81,PLT-CHE,2025-10-12 22:03:47
MAT-0105,Reverse-engineered tertiary algorithm,Packaging,3377.25,456,23,PLT-PUN,2026-07-20 14:15:06
MAT-0106,Progressive high-level capability,Packaging,462.24,265,42,PLT-COI,2026-02-19 01:34:08
MAT-0107,Mandatory dynamic strategy,Finished Goods,3878.69,450,40,PLT-COI,2026-01-15 22:09:54
MAT-0108,Future-proofed high-level strategy,Chemicals,2371.66,12,84,PLT-COI,2026-01-22 09:05:29
MAT-0109,Compatible 24/7 leverage,Raw Material,3595.47,264,57,PLT-HYD,2026-05-17 11:49:43
MAT-0110,Adaptive optimal software,Packaging,2223.37,456,21,PLT-COI,2025-08-26 02:42:31
MAT-0111,Self-enabling grid-enabled product,Raw Material,178.11,232,49,PLT-HYD,2026-04-12 23:56:59
MAT-0112,Networked modular firmware,Packaging,342.04,108,84,PLT-PUN,2026-06-23 21:01:48
MAT-0113,Diverse non-volatile Local Area Network,Spare Parts,3299.46,168,72,PLT-HYD,2026-03-12 20:22:39
MAT-0114,Organized neutral leverage,Spare Parts,4314.46,141,60,PLT-COI,2026-06-07 21:00:17
MAT-0115,Progressive composite Internet solution,Chemicals,4622.34,208,60,PLT-PUN,2026-03-27 15:06:38
MAT-0116,Advanced non-volatile ability,Spare Parts,4442.16,270,95,PLT-HYD,2026-01-03 10:38:57
MAT-0117,Profit-focused high-level artificial intelligence,Finished Goods,1714.88,83,99,PLT-COI,2026-07-02 20:39:29
MAT-0118,Enhanced holistic paradigm,Spare Parts,157.92,453,83,PLT-PUN,2025-12-12 22:17:11
MAT-0119,Organized modular alliance,Chemicals,4235.68,215,27,PLT-HYD,2026-08-09 00:56:47
MAT-0120,Object-based explicit utilization,Finished Goods,4115.84,282,93,PLT-PUN,2025-09-12 17:55:24
MAT-0121,Persevering context-sensitive benchmark,Finished Goods,2710.09,58,64,PLT-PUN,2026-07-12 22:46:20
MAT-0122,Reverse-engineered upward-trending customer loyalty,Raw Material,2492.52,348,53,PLT-CHE,2026-05-25 01:59:47
MAT-0123,Face-to-face mission-critical database,Raw Material,1604.32,220,40,PLT-COI,2025-12-10 17:41:34
MAT-0124,Enterprise-wide optimizing approach,Chemicals,804.75,459,71,PLT-CHE,2026-02-28 01:20:19
MAT-0125,Cross-platform value-added throughput,Finished Goods,3319.8,49,46,PLT-COI,2026-07-29 01:37:16
MAT-0126,Vision-oriented attitude-oriented complexity,Chemicals,4958.28,454,64,PLT-PUN,2026-08-10 01:23:13
MAT-0127,Progressive 24/7 projection,Packaging,1570.21,407,57,PLT-CHE,2026-07-15 07:08:00
MAT-0128,Implemented system-worthy paradigm,Spare Parts,2724.24,293,78,PLT-PUN,2025-10-23 13:22:11
MAT-0129,Cross-platform well-modulated hub,Raw Material,2843.14,339,38,PLT-COI,2026-02-04 20:30:04
MAT-0130,Exclusive heuristic policy,Chemicals,3548.95,37,31,PLT-COI,2026-02-28 03:30:03
MAT-0131,Distributed non-volatile protocol,Chemicals,3708.69,232,25,PLT-CHE,2026-07-01 11:53:47
MAT-0132,Visionary reciprocal leverage,Spare Parts,1540.31,208,27,PLT-HYD,2026-05-26 19:42:59
MAT-0133,Virtual web-enabled encoding,Packaging,4192.56,445,79,PLT-HYD,2026-02-04 16:34:08
MAT-0134,Re-engineered uniform moderator,Raw Material,3964.22,274,34,PLT-HYD,2026-03-01 16:13:13
MAT-0135,Profit-focused 24hour challenge,Spare Parts,1786.51,174,54,PLT-PUN,2025-10-19 17:15:26
MAT-0136,Organized encompassing installation,Packaging,1628.65,25,42,PLT-COI,2026-04-24 19:20:25
MAT-0137,Compatible contextually-based initiative,Finished Goods,4744.23,403,40,PLT-CHE,2026-03-21 17:48:49
MAT-0138,Organic empowering knowledgebase,Finished Goods,242.38,341,60,PLT-CHE,2026-05-13 22:12:14
MAT-0139,User-centric composite parallelism,Packaging,4770.49,466,36,PLT-CHE,2026-06-08 10:08:36
MAT-0140,Automated 5thgeneration success,Packaging,2642.5,203,49,PLT-HYD,2026-06-08 16:04:10
MAT-0141,Realigned analyzing application,Chemicals,2523.71,443,40,PLT-HYD,2026-03-19 10:01:18
MAT-0142,Mandatory cohesive synergy,Chemicals,3610.29,471,93,PLT-COI,2026-08-17 20:08:26
MAT-0143,Synchronized regional superstructure,Spare Parts,1978.53,196,32,PLT-PUN,2025-10-22 04:27:30
MAT-0144,Intuitive high-level time-frame,Finished Goods,1768.04,158,26,PLT-HYD,2026-04-27 09:53:49
MAT-0145,Mandatory value-added core,Chemicals,977.02,294,71,PLT-HYD,2026-07-12 11:23:40
MAT-0146,Stand-alone mission-critical installation,Spare Parts,3301.64,137,73,PLT-HYD,2026-07-16 18:56:46
MAT-0147,Assimilated neutral framework,Packaging,2242.45,40,83,PLT-COI,2026-07-04 21:28:51
MAT-0148,Advanced uniform monitoring,Spare Parts,253.52,264,83,PLT-COI,2026-06-11 10:00:08
MAT-0149,Persistent coherent open architecture,Spare Parts,2092.51,179,92,PLT-COI,2025-11-22 23:35:44
MAT-0150,Front-line context-sensitive challenge,Finished Goods,4145.72,435,86,PLT-PUN,2026-02-09 08:56:42
MAT-0151,Organized coherent Graphical User Interface,Finished Goods,2118.15,18,83,PLT-HYD,2025-10-17 21:05:39
MAT-0152,Customer-focused demand-driven focus group,Packaging,3605.54,489,20,PLT-COI,2025-11-13 20:30:55
MAT-0153,Triple-buffered 6thgeneration synergy,Chemicals,1867.46,418,82,PLT-COI,2026-07-22 22:57:14
MAT-0154,Virtual hybrid flexibility,Raw Material,2274.67,228,61,PLT-COI,2025-08-18 12:37:51
MAT-0155,Secured well-modulated website,Spare Parts,3206.24,180,56,PLT-COI,2025-09-22 08:22:45
MAT-0156,Diverse content-based Local Area Network,Chemicals,1588.92,243,68,PLT-HYD,2025-09-14 13:16:47
MAT-0157,Right-sized logistical forecast,Raw Material,4973.71,492,72,PLT-COI,2026-03-04 13:08:28
MAT-0158,Fully-configurable exuding focus group,Chemicals,3615.23,272,40,PLT-COI,2026-05-25 13:33:47
MAT-0159,Phased didactic approach,Raw Material,4349.27,316,98,PLT-PUN,2026-01-18 09:07:32
MAT-0160,Enhanced multimedia contingency,Finished Goods,2563.15,407,26,PLT-HYD,2025-11-04 18:02:19
MAT-0161,Sharable 4thgeneration standardization,Chemicals,3655.22,82,37,PLT-COI,2026-04-27 01:36:36
MAT-0162,Profound holistic task-force,Spare Parts,1392.38,92,60,PLT-CHE,2026-06-21 10:01:49
MAT-0163,Ameliorated optimizing function,Chemicals,3674.78,310,51,PLT-HYD,2026-03-29 12:08:07
MAT-0164,Open-architected next generation projection,Raw Material,560.37,413,87,PLT-CHE,2026-06-15 00:05:28
MAT-0165,Open-architected 3rdgeneration utilization,Spare Parts,316.74,313,92,PLT-HYD,2026-02-23 04:15:04
MAT-0166,Secured actuating architecture,Finished Goods,2511.71,173,79,PLT-PUN,2026-08-03 11:56:40
MAT-0167,Multi-tiered explicit model,Raw Material,3341.71,94,90,PLT-CHE,2026-04-27 12:23:51
MAT-0168,Face-to-face empowering support,Spare Parts,751.04,305,41,PLT-HYD,2025-09-11 22:58:45
MAT-0169,Devolved background middleware,Finished Goods,3731.97,256,28,PLT-HYD,2025-12-20 14:27:41
MAT-0170,Re-contextualized systematic throughput,Spare Parts,3282.26,414,47,PLT-CHE,2025-10-03 08:36:02
MAT-0171,Focused exuding flexibility,Packaging,4081.02,423,81,PLT-COI,2025-11-11 22:11:17
MAT-0172,Profit-focused 3rdgeneration flexibility,Chemicals,4207.81,350,85,PLT-COI,2026-08-09 21:37:26
MAT-0173,Optimized executive definition,Packaging,735.29,315,65,PLT-HYD,2026-07-18 20:58:38
MAT-0174,Reverse-engineered actuating secured line,Packaging,1184.28,407,50,PLT-HYD,2026-02-26 00:31:21
MAT-0175,Upgradable value-added complexity,Chemicals,306.66,437,36,PLT-CHE,2025-12-02 22:22:40
MAT-0176,Virtual multimedia middleware,Raw Material,3713.59,212,97,PLT-PUN,2026-05-10 13:12:41
MAT-0177,Adaptive systematic access,Chemicals,1441.79,475,42,PLT-PUN,2026-08-04 20:54:50
MAT-0178,Organic exuding intranet,Packaging,2023.4,52,94,PLT-PUN,2025-11-09 21:07:34
MAT-0179,Exclusive static productivity,Chemicals,2982.81,136,33,PLT-COI,2026-07-13 02:49:15
MAT-0180,Cross-platform eco-centric flexibility,Chemicals,2995.67,355,37,PLT-PUN,2025-08-27 16:09:26
MAT-0181,Customizable zero tolerance emulation,Spare Parts,939.7,132,83,PLT-CHE,2026-07-21 22:29:22
MAT-0182,Profound coherent portal,Packaging,939.66,380,72,PLT-HYD,2026-08-06 08:49:19
MAT-0183,Open-source optimal neural-net,Raw Material,1209.31,447,66,PLT-HYD,2025-09-17 07:01:13
MAT-0184,Mandatory client-driven conglomeration,Spare Parts,4567.55,293,50,PLT-CHE,2025-11-05 01:34:09
MAT-0185,Ergonomic needs-based alliance,Finished Goods,879.32,200,30,PLT-COI,2025-09-27 17:46:16
MAT-0186,Polarized didactic hardware,Finished Goods,4116.54,259,33,PLT-COI,2026-03-29 22:54:29
MAT-0187,Multi-lateral systemic matrix,Finished Goods,3405.92,406,26,PLT-HYD,2026-03-11 19:54:02
MAT-0188,Automated clear-thinking info-mediaries,Spare Parts,1433.23,303,25,PLT-PUN,2026-06-14 03:23:39
MAT-0189,Object-based regional encryption,Spare Parts,2640.05,440,95,PLT-PUN,2025-09-23 22:21:51
MAT-0190,Decentralized dynamic data-warehouse,Chemicals,4904.3,423,77,PLT-COI,2026-05-03 17:05:24
MAT-0191,Decentralized secondary infrastructure,Raw Material,4949.34,435,39,PLT-PUN,2026-06-22 04:40:57
MAT-0192,Adaptive interactive data-warehouse,Spare Parts,4188.72,469,27,PLT-CHE,2025-10-07 21:18:46
MAT-0193,Reactive even-keeled throughput,Packaging,2255.43,151,91,PLT-PUN,2025-10-20 07:39:49
MAT-0194,Optimized zero tolerance info-mediaries,Spare Parts,3633.6,136,54,PLT-CHE,2026-07-19 16:49:24
MAT-0195,Enterprise-wide content-based hardware,Chemicals,2184.85,384,67,PLT-COI,2026-04-07 11:13:43
MAT-0196,Universal explicit software,Packaging,1546.13,72,23,PLT-CHE,2025-12-13 06:50:25
MAT-0197,Assimilated methodical installation,Raw Material,4918.76,104,60,PLT-COI,2026-05-04 06:57:08
MAT-0198,Function-based systematic help-desk,Finished Goods,4238.54,274,68,PLT-PUN,2026-05-24 07:06:31
MAT-0199,Multi-lateral uniform leverage,Chemicals,1988.82,59,86,PLT-HYD,2026-07-14 20:25:23
MAT-0200,User-centric clear-thinking capability,Spare Parts,1433.94,293,85,PLT-HYD,2025-12-28 22:25:30
MAT-0201,Exclusive dynamic capacity,Chemicals,4024.84,111,36,PLT-PUN,2025-12-31 02:54:28
MAT-0202,Right-sized global function,Packaging,2898.02,37,94,PLT-HYD,2026-02-22 01:00:08
MAT-0203,Secured coherent adapter,Chemicals,4945.48,55,65,PLT-COI,2025-09-10 23:23:51
MAT-0204,Multi-channeled uniform neural-net,Chemicals,3015.22,336,67,PLT-CHE,2025-11-04 23:12:41
MAT-0205,Self-enabling disintermediate protocol,Raw Material,4410.11,469,98,PLT-CHE,2026-02-05 02:53:25
MAT-0206,Ergonomic disintermediate strategy,Raw Material,1174.22,253,93,PLT-HYD,2025-10-02 11:52:09
MAT-0207,Customizable holistic installation,Packaging,1081.11,158,75,PLT-CHE,2026-01-03 10:03:31
MAT-0208,Optional reciprocal solution,Chemicals,3844.32,347,54,PLT-CHE,2026-05-12 12:47:12
MAT-0209,Managed 3rdgeneration access,Chemicals,1930.21,461,20,PLT-CHE,2025-10-18 02:35:38
MAT-0210,Expanded full-range leverage,Finished Goods,160.26,470,26,PLT-HYD,2026-07-21 11:27:09
MAT-0211,Multi-layered discrete service-desk,Spare Parts,1782.66,388,74,PLT-COI,2026-06-18 19:25:31
MAT-0212,Phased directional Internet solution,Packaging,1873.73,205,49,PLT-CHE,2026-05-23 22:06:32
MAT-0213,Inverse dynamic artificial intelligence,Packaging,727.75,304,33,PLT-HYD,2025-12-09 15:16:44
MAT-0214,Configurable fault-tolerant neural-net,Raw Material,1295.15,80,31,PLT-COI,2026-08-16 00:36:55
MAT-0215,Centralized systemic system engine,Raw Material,4959.11,492,93,PLT-CHE,2025-10-28 19:44:54
MAT-0216,Triple-buffered 5thgeneration ability,Finished Goods,499.98,153,34,PLT-COI,2026-04-28 13:45:40
MAT-0217,Implemented regional throughput,Raw Material,635.61,333,100,PLT-CHE,2025-09-15 00:19:03
MAT-0218,Configurable eco-centric extranet,Finished Goods,2137.69,484,25,PLT-PUN,2026-01-11 02:58:54
MAT-0219,Realigned 5thgeneration instruction set,Spare Parts,1984.25,320,71,PLT-HYD,2025-10-31 01:46:08
MAT-0220,Realigned well-modulated knowledgebase,Finished Goods,2291.4,278,26,PLT-HYD,2026-06-26 03:01:00
MAT-0221,Secured multimedia matrix,Chemicals,2539.44,288,74,PLT-PUN,2026-08-09 05:39:15
MAT-0222,Digitized solution-oriented adapter,Packaging,3992.73,207,88,PLT-CHE,2026-08-18 01:04:38
MAT-0223,Customizable local help-desk,Packaging,4559.35,369,95,PLT-PUN,2025-08-18 21:15:06
MAT-0224,Implemented national attitude,Finished Goods,126.09,88,92,PLT-PUN,2025-12-04 11:25:07
MAT-0225,Persistent logistical strategy,Raw Material,3735.99,135,73,PLT-PUN,2025-10-10 16:42:00
MAT-0226,De-engineered bottom-line neural-net,Finished Goods,4161.58,111,28,PLT-PUN,2025-09-10 10:08:29
MAT-0227,Adaptive cohesive support,Finished Goods,2040.29,379,84,PLT-PUN,2026-06-02 11:29:27
MAT-0228,Horizontal foreground instruction set,Spare Parts,4779.9,134,42,PLT-COI,2026-06-26 06:20:59
MAT-0229,Self-enabling even-keeled capability,Raw Material,631.2,405,58,PLT-COI,2026-07-29 10:36:38
MAT-0230,User-friendly bifurcated approach,Finished Goods,4246.15,20,77,PLT-COI,2026-01-08 03:04:15
MAT-0231,Enhanced mobile knowledgebase,Raw Material,3590.98,238,78,PLT-CHE,2025-10-02 14:46:46
MAT-0232,Team-oriented encompassing flexibility,Finished Goods,3079.93,437,70,PLT-COI,2025-09-22 07:36:02
MAT-0233,Integrated maximized implementation,Chemicals,4589.06,89,23,PLT-PUN,2025-11-25 23:58:39
MAT-0234,Digitized stable software,Chemicals,2179.77,12,67,PLT-HYD,2026-01-02 08:06:26
MAT-0235,Extended 24hour methodology,Packaging,1869.02,378,63,PLT-HYD,2026-03-19 00:48:27
MAT-0236,Fully-configurable national database,Finished Goods,4895.95,366,33,PLT-COI,2025-10-06 18:06:30
MAT-0237,Secured full-range synergy,Finished Goods,1444.46,432,31,PLT-COI,2026-01-28 22:00:16
MAT-0238,Triple-buffered exuding leverage,Packaging,1611.4,97,79,PLT-PUN,2025-08-28 23:12:57
MAT-0239,Enhanced zero tolerance solution,Spare Parts,4850.71,65,74,PLT-PUN,2026-03-30 23:58:15
MAT-0240,Horizontal 4thgeneration protocol,Packaging,3191.01,393,78,PLT-COI,2026-01-07 20:32:00
MAT-0241,Multi-layered analyzing hub,Chemicals,2588.76,110,59,PLT-PUN,2026-04-14 03:26:48
MAT-0242,Balanced bottom-line algorithm,Raw Material,606.78,267,32,PLT-CHE,2025-09-09 04:56:48
MAT-0243,Organic impactful installation,Raw Material,1895.35,345,45,PLT-CHE,2026-06-17 07:21:24
MAT-0244,Enterprise-wide hybrid website,Finished Goods,1395.45,201,53,PLT-CHE,2025-09-20 16:36:33
MAT-0245,Balanced full-range moderator,Raw Material,2279.67,461,54,PLT-HYD,2025-12-17 09:04:13
MAT-0246,Profit-focused homogeneous success,Packaging,4787.77,320,21,PLT-PUN,2025-12-27 16:24:52
MAT-0247,Down-sized background benchmark,Chemicals,4170.84,146,94,PLT-COI,2026-03-29 04:11:06
MAT-0248,Open-architected coherent hierarchy,Packaging,3288.06,115,56,PLT-PUN,2026-05-16 21:18:03
MAT-0249,Multi-lateral value-added throughput,Spare Parts,4998.75,23,98,PLT-HYD,2026-08-12 21:56:46
MAT-0250,Virtual 5thgeneration process improvement,Chemicals,2510.71,260,82,PLT-HYD,2026-01-16 10:04:51
MAT-0251,Polarized intangible data-warehouse,Spare Parts,1757.89,284,55,PLT-HYD,2026-08-12 15:34:20
MAT-0252,Customizable actuating data-warehouse,Finished Goods,2592.36,332,65,PLT-HYD,2025-09-02 21:51:09
MAT-0253,Enhanced zero administration monitoring,Raw Material,1378.69,409,65,PLT-COI,2025-09-23 21:01:43
MAT-0254,Upgradable client-driven capability,Finished Goods,2076.91,454,36,PLT-PUN,2025-12-18 20:30:28
MAT-0255,Monitored didactic concept,Chemicals,1690.97,24,91,PLT-CHE,2026-04-22 14:38:06
MAT-0256,Profound mobile initiative,Packaging,3816.21,226,88,PLT-PUN,2025-09-11 07:10:35
MAT-0257,Realigned zero-defect toolset,Raw Material,1110.95,380,58,PLT-HYD,2025-09-29 09:07:33
MAT-0258,Managed upward-trending extranet,Finished Goods,578.39,446,78,PLT-COI,2026-05-15 03:09:22
MAT-0259,Monitored background leverage,Chemicals,2190.3,287,23,PLT-CHE,2025-12-15 11:16:54
MAT-0260,Assimilated composite architecture,Packaging,3394.49,348,44,PLT-PUN,2025-11-27 01:29:19
MAT-0261,Automated modular methodology,Chemicals,2598.13,245,83,PLT-PUN,2026-05-02 22:05:56
MAT-0262,Function-based modular flexibility,Finished Goods,4950.17,341,100,PLT-PUN,2026-02-14 07:37:23
MAT-0263,Reduced uniform groupware,Spare Parts,2973.9,133,99,PLT-COI,2026-05-26 12:52:45
MAT-0264,Enhanced executive framework,Spare Parts,1591.97,30,48,PLT-PUN,2026-06-05 20:54:02
MAT-0265,Mandatory stable protocol,Finished Goods,4973.07,321,44,PLT-CHE,2025-10-12 19:40:39
MAT-0266,Virtual directional artificial intelligence,Chemicals,4248.12,249,37,PLT-CHE,2026-04-11 00:38:14
MAT-0267,Profit-focused eco-centric standardization,Finished Goods,2986.71,486,93,PLT-PUN,2026-03-08 11:00:56
MAT-0268,Decentralized directional functionalities,Chemicals,1020.3,11,95,PLT-HYD,2025-10-20 07:08:56
MAT-0269,Expanded zero-defect process improvement,Chemicals,3095.94,402,87,PLT-COI,2025-10-07 08:16:41
MAT-0270,Multi-channeled regional instruction set,Packaging,485.79,204,57,PLT-CHE,2026-03-18 06:11:09
MAT-0271,Quality-focused zero tolerance migration,Raw Material,4875.66,46,60,PLT-COI,2025-09-19 23:54:49
MAT-0272,Open-source disintermediate structure,Raw Material,251.26,346,74,PLT-COI,2026-04-06 13:49:05
MAT-0273,Innovative discrete hardware,Spare Parts,1391.93,362,61,PLT-CHE,2025-11-01 22:15:38
MAT-0274,Face-to-face zero tolerance algorithm,Packaging,1576.02,444,70,PLT-COI,2025-11-30 15:53:42
MAT-0275,Visionary high-level parallelism,Raw Material,1566.08,394,49,PLT-CHE,2025-09-20 00:09:08
MAT-0276,Customizable bifurcated hub,Packaging,2478.76,240,79,PLT-PUN,2026-03-21 09:19:04
MAT-0277,Synchronized object-oriented interface,Raw Material,3755.89,311,91,PLT-CHE,2025-10-15 18:36:50
MAT-0278,Ameliorated national structure,Finished Goods,937.94,122,85,PLT-PUN,2026-02-27 23:34:06
MAT-0279,Public-key next generation application,Chemicals,4428.62,31,83,PLT-COI,2026-03-01 04:59:20
MAT-0280,Synergistic explicit standardization,Raw Material,1169.81,453,49,PLT-PUN,2026-02-14 04:13:56
MAT-0281,Networked mission-critical secured line,Packaging,121.99,126,86,PLT-COI,2026-06-17 13:34:35
MAT-0282,Proactive asymmetric Internet solution,Spare Parts,4412.36,187,23,PLT-COI,2026-07-24 20:49:05
MAT-0283,Ameliorated context-sensitive neural-net,Spare Parts,3224.0,233,39,PLT-COI,2025-11-11 13:46:11
MAT-0284,Reduced logistical architecture,Raw Material,3649.25,75,57,PLT-PUN,2025-08-30 07:09:19
MAT-0285,Synergistic cohesive architecture,Packaging,1114.85,343,38,PLT-HYD,2026-03-01 13:56:51
MAT-0286,Decentralized logistical budgetary management,Packaging,3793.27,11,20,PLT-HYD,2026-01-22 08:22:24
MAT-0287,Sharable zero-defect circuit,Raw Material,874.15,247,55,PLT-CHE,2026-03-01 22:56:38
MAT-0288,Open-source human-resource ability,Spare Parts,2187.72,157,51,PLT-HYD,2025-10-17 14:35:06
MAT-0289,Optional client-driven time-frame,Packaging,2011.18,323,80,PLT-COI,2026-07-22 03:39:56
MAT-0290,User-friendly dedicated secured line,Packaging,986.99,74,63,PLT-CHE,2026-06-15 03:18:31
MAT-0291,Persistent incremental support,Raw Material,1472.85,391,70,PLT-COI,2025-11-13 00:05:02
MAT-0292,Decentralized secondary model,Finished Goods,3267.34,296,78,PLT-CHE,2026-02-03 02:43:23
MAT-0293,Exclusive contextually-based software,Spare Parts,3013.73,110,56,PLT-PUN,2025-12-09 10:46:49
MAT-0294,Multi-channeled national strategy,Chemicals,4495.59,275,29,PLT-HYD,2025-09-15 23:06:28
MAT-0295,Synergistic well-modulated approach,Chemicals,4956.28,166,23,PLT-CHE,2026-03-04 21:49:12
MAT-0296,Multi-layered background interface,Raw Material,4158.82,96,60,PLT-CHE,2026-03-03 15:54:09
MAT-0297,Networked 24hour synergy,Raw Material,467.95,446,95,PLT-PUN,2025-12-29 01:27:54
MAT-0298,Diverse interactive middleware,Chemicals,3239.62,235,91,PLT-CHE,2026-07-30 12:52:02
MAT-0299,Networked tangible project,Finished Goods,2625.85,479,65,PLT-COI,2026-05-08 07:49:04
MAT-0300,Diverse fresh-thinking application,Raw Material,2330.56,364,81,PLT-HYD,2025-08-24 17:24:27
MAT-0301,Optimized non-volatile website,Finished Goods,371.02,12,35,PLT-COI,2026-02-19 18:04:57
MAT-0302,Re-engineered maximized open system,Raw Material,3307.28,366,68,PLT-HYD,2026-07-13 14:47:28
MAT-0303,Progressive upward-trending projection,Raw Material,4583.38,79,54,PLT-COI,2026-04-11 01:02:00
MAT-0304,Programmable well-modulated functionalities,Raw Material,2215.56,161,59,PLT-COI,2025-11-03 05:27:55
MAT-0305,User-centric mission-critical software,Chemicals,3281.1,63,26,PLT-PUN,2025-12-06 19:44:19
MAT-0306,Vision-oriented heuristic conglomeration,Raw Material,176.33,72,82,PLT-HYD,2025-09-29 16:39:03
MAT-0307,Reactive contextually-based firmware,Finished Goods,3937.48,25,91,PLT-HYD,2025-08-30 12:28:14
MAT-0308,Inverse secondary knowledgebase,Raw Material,384.86,94,52,PLT-PUN,2026-03-21 20:40:03
MAT-0309,Cross-group dedicated groupware,Raw Material,4874.01,444,75,PLT-HYD,2026-06-25 19:50:53
MAT-0310,Monitored tertiary frame,Spare Parts,3504.62,57,65,PLT-PUN,2025-12-02 16:05:49
MAT-0311,Reverse-engineered reciprocal analyzer,Spare Parts,3045.59,337,57,PLT-HYD,2026-02-21 07:39:23
MAT-0312,Universal optimizing toolset,Spare Parts,4233.43,441,45,PLT-HYD,2026-06-21 00:55:12
MAT-0313,Focused uniform concept,Raw Material,425.49,134,89,PLT-CHE,2026-07-26 06:47:55
MAT-0314,Networked didactic hub,Packaging,526.33,471,48,PLT-HYD,2026-06-30 12:05:07
MAT-0315,Multi-tiered mobile architecture,Packaging,4985.52,406,82,PLT-COI,2025-12-07 19:14:31
MAT-0316,Reactive real-time service-desk,Finished Goods,1336.03,272,57,PLT-CHE,2026-06-13 22:37:17
MAT-0317,Enterprise-wide fresh-thinking circuit,Chemicals,3473.33,434,54,PLT-PUN,2026-02-21 08:23:25
MAT-0318,Realigned 24/7 access,Finished Goods,4115.24,27,45,PLT-CHE,2026-08-17 17:21:46
MAT-0319,Virtual transitional project,Chemicals,4757.64,19,89,PLT-CHE,2026-07-05 02:56:13
MAT-0320,Open-source bottom-line structure,Raw Material,3666.12,161,72,PLT-HYD,2026-04-11 18:36:56
MAT-0321,Robust high-level support,Chemicals,1007.43,426,60,PLT-PUN,2026-04-09 10:50:11
MAT-0322,Compatible neutral framework,Raw Material,2452.38,78,26,PLT-PUN,2025-09-11 22:36:09
MAT-0323,Multi-channeled actuating migration,Packaging,4630.92,106,40,PLT-HYD,2026-01-05 18:32:55
MAT-0324,Phased multi-state concept,Chemicals,4890.1,103,59,PLT-HYD,2026-01-18 21:22:50
MAT-0325,Team-oriented dedicated system engine,Finished Goods,3628.1,299,61,PLT-COI,2026-05-24 13:37:07
MAT-0326,Expanded regional definition,Packaging,3858.12,190,35,PLT-COI,2026-02-20 19:55:50
MAT-0327,Ameliorated asynchronous neural-net,Spare Parts,1127.24,315,35,PLT-PUN,2026-04-15 12:19:22
MAT-0328,Realigned non-volatile portal,Packaging,2451.25,180,65,PLT-HYD,2026-04-06 10:09:45
MAT-0329,Realigned intangible leverage,Spare Parts,328.1,180,92,PLT-COI,2026-05-15 02:19:44
MAT-0330,Exclusive 6thgeneration infrastructure,Finished Goods,441.48,440,27,PLT-CHE,2026-07-17 21:30:10
MAT-0331,Fully-configurable directional middleware,Raw Material,4961.17,228,57,PLT-HYD,2026-07-19 03:30:43
MAT-0332,Digitized scalable architecture,Finished Goods,3970.6,490,24,PLT-COI,2026-02-02 11:03:51
MAT-0333,Extended content-based functionalities,Raw Material,2371.5,255,91,PLT-COI,2026-08-04 19:27:48
MAT-0334,Balanced coherent data-warehouse,Raw Material,1539.85,154,79,PLT-CHE,2026-05-07 12:20:28
MAT-0335,Synergized radical project,Chemicals,4280.39,162,50,PLT-HYD,2025-11-21 19:16:35
MAT-0336,Robust transitional orchestration,Finished Goods,294.61,300,58,PLT-CHE,2026-01-25 02:52:34
MAT-0337,Ameliorated mobile Graphical User Interface,Packaging,1209.73,413,31,PLT-HYD,2026-06-10 20:55:05
MAT-0338,Extended multi-tasking artificial intelligence,Spare Parts,2078.57,108,62,PLT-COI,2025-11-20 07:01:47
MAT-0339,Sharable fresh-thinking knowledge user,Chemicals,508.15,271,61,PLT-PUN,2026-06-03 10:54:51
MAT-0340,Adaptive logistical info-mediaries,Finished Goods,4080.85,492,76,PLT-PUN,2026-04-03 20:14:39
MAT-0341,Secured systematic array,Raw Material,4268.43,140,87,PLT-HYD,2026-04-17 19:07:59
MAT-0342,Synergistic neutral Local Area Network,Packaging,3702.44,478,63,PLT-PUN,2025-09-12 15:15:12
MAT-0343,Up-sized 24hour circuit,Finished Goods,771.87,331,27,PLT-HYD,2025-11-22 16:06:16
MAT-0344,Proactive bifurcated knowledgebase,Chemicals,2614.99,367,86,PLT-COI,2026-03-23 05:10:33
MAT-0345,Open-architected scalable product,Spare Parts,3779.09,190,33,PLT-PUN,2025-12-25 19:53:13
MAT-0346,Enhanced hybrid challenge,Chemicals,1605.61,399,30,PLT-COI,2025-12-12 13:43:12
MAT-0347,Managed bandwidth-monitored info-mediaries,Packaging,2908.78,50,74,PLT-CHE,2025-08-28 06:23:57
MAT-0348,Universal national collaboration,Chemicals,955.49,24,98,PLT-PUN,2025-09-10 22:59:37
MAT-0349,Operative full-range encryption,Spare Parts,4277.92,410,53,PLT-HYD,2026-04-24 13:48:08
MAT-0350,Managed cohesive core,Spare Parts,4092.37,440,85,PLT-COI,2026-03-12 09:07:30
MAT-0351,Ameliorated multi-tasking infrastructure,Chemicals,925.77,257,37,PLT-PUN,2025-09-17 08:12:38
MAT-0352,Persistent client-driven moderator,Finished Goods,3473.91,443,35,PLT-HYD,2025-12-24 18:48:00
MAT-0353,Polarized 4thgeneration utilization,Chemicals,1639.22,363,22,PLT-COI,2025-11-13 01:14:56
MAT-0354,Synergistic optimal moratorium,Packaging,1681.19,86,45,PLT-COI,2025-08-28 06:29:54
MAT-0355,De-engineered contextually-based capacity,Chemicals,1826.96,232,27,PLT-PUN,2026-01-26 06:36:54
MAT-0356,Automated attitude-oriented definition,Raw Material,3640.23,339,77,PLT-HYD,2026-02-09 16:28:47
MAT-0357,Future-proofed optimal access,Raw Material,3908.68,113,37,PLT-COI,2026-08-09 19:33:57
MAT-0358,Open-architected encompassing policy,Spare Parts,1900.31,73,44,PLT-HYD,2026-03-09 09:47:02
MAT-0359,Devolved 5thgeneration complexity,Finished Goods,2734.15,215,98,PLT-HYD,2025-10-06 22:19:04
MAT-0360,Proactive uniform Graphic Interface,Spare Parts,3047.86,158,96,PLT-HYD,2026-01-03 20:48:58
MAT-0361,Cross-platform heuristic methodology,Chemicals,1047.12,230,38,PLT-COI,2026-04-19 11:39:42
MAT-0362,Reduced encompassing system engine,Packaging,270.27,157,53,PLT-CHE,2026-03-04 15:16:06
MAT-0363,Versatile bandwidth-monitored firmware,Spare Parts,3109.37,442,39,PLT-COI,2026-06-05 04:35:07
MAT-0364,Triple-buffered optimal capacity,Raw Material,4024.14,99,71,PLT-PUN,2026-04-14 17:04:58
MAT-0365,Diverse high-level encoding,Finished Goods,3229.59,147,63,PLT-HYD,2026-03-05 04:07:53
MAT-0366,Upgradable holistic leverage,Raw Material,150.71,202,29,PLT-CHE,2025-12-19 16:30:25
MAT-0367,Digitized static attitude,Spare Parts,1376.2,424,52,PLT-PUN,2025-12-08 08:58:36
MAT-0368,Multi-lateral disintermediate projection,Raw Material,3521.08,484,69,PLT-HYD,2025-09-29 14:27:10
MAT-0369,Business-focused value-added hardware,Spare Parts,251.1,305,23,PLT-COI,2025-11-30 16:44:04
MAT-0370,Right-sized executive leverage,Finished Goods,1965.82,208,98,PLT-COI,2026-07-06 20:55:29
MAT-0371,Upgradable fault-tolerant core,Chemicals,3301.87,35,33,PLT-HYD,2026-04-21 21:59:02
MAT-0372,Face-to-face analyzing projection,Spare Parts,770.2,267,78,PLT-PUN,2025-09-29 14:40:53
MAT-0373,Open-source clear-thinking infrastructure,Chemicals,3147.49,186,52,PLT-CHE,2025-09-30 17:32:31
MAT-0374,Cloned zero-defect leverage,Chemicals,4769.99,303,68,PLT-COI,2026-06-26 10:40:57
MAT-0375,Persistent stable neural-net,Finished Goods,657.8,44,39,PLT-HYD,2026-08-11 00:04:42
MAT-0376,Robust modular projection,Finished Goods,3834.91,266,37,PLT-PUN,2026-01-03 02:52:44
MAT-0377,Integrated tertiary concept,Chemicals,1669.96,20,90,PLT-PUN,2025-12-16 19:22:04
MAT-0378,Robust motivating projection,Packaging,2538.5,202,92,PLT-CHE,2025-09-20 00:00:15
MAT-0379,Mandatory interactive budgetary management,Spare Parts,1269.04,368,64,PLT-PUN,2026-03-03 00:51:37
MAT-0380,Secured stable forecast,Chemicals,4089.74,266,56,PLT-PUN,2026-04-25 15:09:36
MAT-0381,Switchable zero-defect model,Raw Material,4546.49,343,60,PLT-COI,2026-02-07 04:16:34
MAT-0382,Progressive bifurcated throughput,Spare Parts,3349.37,319,90,PLT-CHE,2026-02-11 14:17:50
MAT-0383,Future-proofed impactful implementation,Finished Goods,3756.74,370,28,PLT-HYD,2025-12-02 06:35:28
MAT-0384,Inverse zero tolerance open system,Finished Goods,2901.41,444,55,PLT-CHE,2026-04-06 05:42:55
MAT-0385,Ergonomic incremental infrastructure,Chemicals,2621.93,187,48,PLT-HYD,2026-02-15 03:25:58
MAT-0386,Integrated scalable throughput,Raw Material,3231.92,493,23,PLT-COI,2026-05-16 10:25:50
MAT-0387,Universal 4thgeneration alliance,Raw Material,248.22,100,51,PLT-COI,2025-11-06 06:12:59
MAT-0388,Self-enabling non-volatile protocol,Chemicals,774.74,369,68,PLT-COI,2026-03-20 02:23:35
MAT-0389,De-engineered transitional website,Packaging,2028.0,188,29,PLT-COI,2026-07-09 20:56:58
MAT-0390,Vision-oriented content-based help-desk,Raw Material,727.63,98,49,PLT-CHE,2026-04-08 09:10:43
MAT-0391,Decentralized solution-oriented access,Chemicals,2353.59,411,95,PLT-HYD,2026-05-16 05:09:04
MAT-0392,Diverse discrete circuit,Spare Parts,465.13,384,63,PLT-PUN,2025-12-30 23:37:49
MAT-0393,Horizontal modular throughput,Chemicals,2236.27,218,82,PLT-COI,2026-02-19 23:45:26
MAT-0394,Up-sized disintermediate knowledge user,Chemicals,2031.11,219,88,PLT-COI,2026-04-15 00:02:16
MAT-0395,Enterprise-wide tertiary product,Packaging,652.98,448,88,PLT-CHE,2026-05-13 19:57:11
MAT-0396,Front-line exuding capacity,Finished Goods,1268.58,182,28,PLT-HYD,2026-04-22 11:07:07
MAT-0397,Reverse-engineered modular extranet,Chemicals,4623.45,435,34,PLT-CHE,2026-01-03 12:48:08
MAT-0398,Reduced demand-driven orchestration,Finished Goods,2299.77,285,44,PLT-COI,2026-01-03 17:45:32
MAT-0399,Pre-emptive client-driven productivity,Spare Parts,4631.54,168,56,PLT-HYD,2026-07-19 19:31:16
MAT-0400,Cross-group high-level extranet,Finished Goods,3606.83,50,50,PLT-HYD,2026-05-25 19:33:39
MAT-0401,Function-based client-driven superstructure,Finished Goods,4467.36,235,72,PLT-HYD,2026-04-11 08:00:19
MAT-0402,Assimilated asynchronous encoding,Chemicals,4236.19,87,80,PLT-CHE,2026-04-21 16:02:54
MAT-0403,Profit-focused system-worthy circuit,Finished Goods,269.85,118,53,PLT-COI,2025-11-29 22:36:23
MAT-0404,Digitized incremental moderator,Chemicals,661.67,291,21,PLT-CHE,2026-05-24 07:50:27
MAT-0405,Devolved web-enabled help-desk,Raw Material,4250.49,255,82,PLT-PUN,2025-08-24 23:28:15
MAT-0406,Triple-buffered even-keeled hardware,Finished Goods,4182.74,500,78,PLT-CHE,2026-03-24 23:15:18
MAT-0407,Programmable 24/7 contingency,Spare Parts,1105.05,71,51,PLT-PUN,2025-09-03 21:53:25
MAT-0408,Cloned zero-defect artificial intelligence,Packaging,4944.62,259,59,PLT-CHE,2026-07-05 11:00:00
MAT-0409,Optional exuding analyzer,Packaging,1389.05,499,34,PLT-CHE,2026-06-02 06:31:14
MAT-0410,Mandatory dynamic emulation,Finished Goods,127.37,498,32,PLT-COI,2026-01-04 04:32:00
MAT-0411,Switchable human-resource hub,Chemicals,1606.37,133,56,PLT-CHE,2026-06-22 04:42:08
MAT-0412,Cloned didactic matrices,Spare Parts,4373.87,459,53,PLT-HYD,2025-08-25 20:27:24
MAT-0413,Persistent fresh-thinking protocol,Packaging,4171.64,105,86,PLT-CHE,2026-05-05 19:50:20
MAT-0414,Distributed 3rdgeneration orchestration,Packaging,4819.99,470,48,PLT-CHE,2026-08-04 08:00:52
MAT-0415,Horizontal contextually-based encryption,Finished Goods,4520.31,318,52,PLT-HYD,2025-10-31 22:37:32
MAT-0416,Self-enabling composite orchestration,Spare Parts,1922.2,257,81,PLT-CHE,2026-08-07 03:59:33
MAT-0417,Re-contextualized holistic array,Spare Parts,1685.36,31,53,PLT-HYD,2025-08-29 09:05:38
MAT-0418,Extended incremental project,Spare Parts,3659.7,251,44,PLT-PUN,2025-11-01 13:38:03
MAT-0419,Devolved 24hour toolset,Raw Material,3878.86,200,59,PLT-COI,2026-03-02 04:36:45
MAT-0420,Ergonomic dedicated solution,Packaging,3861.97,319,98,PLT-HYD,2026-07-23 11:01:14
MAT-0421,Balanced regional initiative,Finished Goods,401.36,276,43,PLT-HYD,2026-04-27 15:27:50
MAT-0422,Devolved explicit migration,Finished Goods,3780.53,264,58,PLT-CHE,2026-07-10 04:29:38
MAT-0423,Devolved cohesive project,Finished Goods,1813.23,239,39,PLT-COI,2025-12-06 05:52:58
MAT-0424,Managed grid-enabled productivity,Spare Parts,2729.82,125,47,PLT-HYD,2025-12-02 15:07:34
MAT-0425,Team-oriented secondary open system,Spare Parts,2050.66,232,98,PLT-COI,2026-04-03 12:09:27
MAT-0426,User-friendly system-worthy budgetary management,Spare Parts,585.31,289,72,PLT-CHE,2026-01-18 08:23:34
MAT-0427,Cross-platform tangible product,Packaging,1157.54,183,72,PLT-HYD,2026-04-28 22:12:51
MAT-0428,Cloned local task-force,Raw Material,4909.6,220,44,PLT-HYD,2025-11-02 00:26:36
MAT-0429,Compatible local toolset,Finished Goods,4278.27,287,61,PLT-CHE,2026-07-21 07:49:32
MAT-0430,Multi-tiered heuristic open system,Finished Goods,2762.94,145,72,PLT-PUN,2026-07-01 18:44:23
MAT-0431,Customizable secondary toolset,Chemicals,2838.41,483,36,PLT-COI,2026-03-22 07:39:38
MAT-0432,Compatible systematic productivity,Raw Material,1451.62,134,68,PLT-HYD,2026-03-18 04:14:52
MAT-0433,Profound bottom-line functionalities,Chemicals,1787.8,95,64,PLT-PUN,2026-05-15 07:42:01
MAT-0434,User-friendly zero tolerance moratorium,Chemicals,4331.64,177,91,PLT-COI,2026-07-16 18:25:13
MAT-0435,Optional 4thgeneration monitoring,Raw Material,2248.57,124,35,PLT-PUN,2026-07-15 06:13:08
MAT-0436,Progressive intangible definition,Spare Parts,616.56,450,86,PLT-CHE,2026-05-10 18:59:07
MAT-0437,Quality-focused modular leverage,Packaging,453.4,224,59,PLT-HYD,2025-10-16 23:02:21
MAT-0438,Profound solution-oriented portal,Chemicals,1183.82,451,77,PLT-PUN,2026-08-17 16:30:49
MAT-0439,Synchronized 6thgeneration ability,Packaging,4417.01,203,100,PLT-CHE,2026-05-22 19:41:48
MAT-0440,Monitored exuding flexibility,Chemicals,1974.13,144,71,PLT-COI,2026-02-22 23:35:10
MAT-0441,Multi-tiered zero-defect workforce,Spare Parts,1465.64,279,96,PLT-CHE,2026-02-16 01:08:59
MAT-0442,Ameliorated multimedia protocol,Finished Goods,1513.83,109,82,PLT-HYD,2026-05-17 06:55:59
MAT-0443,Digitized dynamic array,Spare Parts,1673.25,275,77,PLT-CHE,2026-06-16 23:43:00
MAT-0444,Assimilated zero administration solution,Chemicals,2185.7,121,37,PLT-COI,2026-05-05 04:45:29
MAT-0445,User-friendly leadingedge infrastructure,Raw Material,1636.55,201,78,PLT-PUN,2025-12-20 23:13:18
MAT-0446,Multi-layered human-resource frame,Chemicals,3159.16,102,44,PLT-CHE,2026-01-16 20:18:03
MAT-0447,Profound secondary utilization,Chemicals,2117.62,281,83,PLT-HYD,2026-08-08 07:21:30
MAT-0448,Adaptive attitude-oriented workforce,Raw Material,2415.3,69,47,PLT-PUN,2026-05-29 02:11:59
MAT-0449,Re-contextualized zero administration knowledgebase,Chemicals,4527.65,18,94,PLT-CHE,2026-01-08 03:26:55
MAT-0450,Devolved next generation framework,Chemicals,3992.63,189,35,PLT-COI,2026-06-02 17:13:30
MAT-0451,Synchronized attitude-oriented application,Packaging,2459.61,406,41,PLT-HYD,2026-02-08 13:06:25
MAT-0452,Reverse-engineered uniform Local Area Network,Finished Goods,4430.32,122,70,PLT-CHE,2026-05-09 06:55:52
MAT-0453,Organized exuding standardization,Chemicals,136.3,361,39,PLT-HYD,2026-05-31 03:06:49
MAT-0454,Customizable non-volatile process improvement,Finished Goods,482.05,10,21,PLT-HYD,2025-09-13 19:28:41
MAT-0455,Fully-configurable tertiary access,Raw Material,3235.59,62,66,PLT-COI,2026-05-14 23:08:07
MAT-0456,Reverse-engineered multi-state portal,Chemicals,3437.41,164,43,PLT-COI,2026-03-15 14:45:19
MAT-0457,Reduced tangible emulation,Spare Parts,4747.2,104,49,PLT-COI,2026-04-29 11:29:39
MAT-0458,Up-sized impactful core,Finished Goods,3926.98,451,45,PLT-HYD,2026-04-14 19:24:42
MAT-0459,Secured impactful help-desk,Finished Goods,781.28,297,77,PLT-COI,2025-11-21 14:33:23
MAT-0460,Adaptive 6thgeneration success,Spare Parts,2744.67,363,99,PLT-PUN,2026-01-15 17:39:57
MAT-0461,Inverse incremental Internet solution,Finished Goods,600.16,131,63,PLT-COI,2026-05-04 07:31:43
MAT-0462,User-friendly mission-critical matrices,Spare Parts,3905.75,168,48,PLT-CHE,2025-10-23 17:13:11
MAT-0463,Organized composite customer loyalty,Chemicals,1595.96,146,46,PLT-HYD,2026-04-03 02:13:08
MAT-0464,Compatible client-server approach,Spare Parts,2888.01,110,65,PLT-COI,2025-09-23 09:22:25
MAT-0465,Multi-lateral disintermediate projection,Raw Material,4426.0,361,31,PLT-PUN,2025-09-01 18:39:29
MAT-0466,De-engineered upward-trending groupware,Spare Parts,2254.79,377,42,PLT-COI,2025-11-20 01:33:02
MAT-0467,Mandatory explicit project,Raw Material,1545.05,122,53,PLT-COI,2026-06-22 23:33:28
MAT-0468,Vision-oriented leadingedge moratorium,Spare Parts,257.82,123,41,PLT-HYD,2026-06-08 01:30:17
MAT-0469,Expanded cohesive database,Spare Parts,3241.3,353,95,PLT-PUN,2026-06-14 22:49:13
MAT-0470,Ameliorated didactic capability,Chemicals,3246.73,315,52,PLT-COI,2026-02-23 14:09:31
MAT-0471,Public-key fault-tolerant budgetary management,Packaging,3300.55,156,27,PLT-HYD,2025-10-30 20:08:51
MAT-0472,De-engineered 4thgeneration project,Finished Goods,3801.63,433,47,PLT-COI,2025-10-29 01:30:34
MAT-0473,Team-oriented system-worthy hierarchy,Spare Parts,4874.12,328,85,PLT-CHE,2026-03-27 10:54:25
MAT-0474,Triple-buffered uniform synergy,Packaging,2092.14,134,82,PLT-CHE,2026-07-20 19:15:39
MAT-0475,Universal human-resource complexity,Spare Parts,3238.8,85,79,PLT-HYD,2026-06-19 04:41:36
MAT-0476,Cross-platform optimizing time-frame,Packaging,533.82,252,57,PLT-CHE,2026-08-02 07:02:45
MAT-0477,Organic bi-directional Graphic Interface,Chemicals,2098.46,214,53,PLT-COI,2026-04-04 18:24:07
MAT-0478,Automated tertiary open system,Finished Goods,3687.69,388,67,PLT-PUN,2025-12-29 14:01:01
MAT-0479,Adaptive mission-critical solution,Chemicals,2096.52,105,39,PLT-PUN,2025-10-08 21:37:38
MAT-0480,Future-proofed impactful neural-net,Raw Material,568.13,400,38,PLT-CHE,2025-11-26 08:54:28
MAT-0481,Multi-layered stable structure,Packaging,818.15,331,35,PLT-PUN,2026-08-06 12:06:11
MAT-0482,Universal discrete ability,Finished Goods,4898.47,244,87,PLT-COI,2026-04-05 12:02:26
MAT-0483,Streamlined well-modulated service-desk,Raw Material,755.86,70,51,PLT-CHE,2026-05-20 00:51:08
MAT-0484,Seamless intermediate benchmark,Chemicals,3039.81,430,62,PLT-PUN,2025-11-13 06:36:16
MAT-0485,Vision-oriented bi-directional matrices,Packaging,2121.48,166,44,PLT-CHE,2026-03-22 12:38:46
MAT-0486,Cross-group dedicated service-desk,Raw Material,3751.76,442,22,PLT-PUN,2025-10-21 22:07:37
MAT-0487,Persistent client-server database,Spare Parts,496.11,486,44,PLT-COI,2025-09-11 11:25:00
MAT-0488,Progressive discrete Graphic Interface,Finished Goods,4163.96,314,45,PLT-PUN,2026-08-04 01:26:54
MAT-0489,Focused global pricing structure,Raw Material,3032.5,368,23,PLT-HYD,2026-03-27 01:52:08
MAT-0490,Enhanced optimal support,Spare Parts,2852.4,475,46,PLT-PUN,2026-05-22 05:29:53
MAT-0491,Synergized holistic function,Packaging,1138.04,347,44,PLT-HYD,2026-08-12 17:19:04
MAT-0492,Virtual intangible analyzer,Finished Goods,4175.94,434,45,PLT-COI,2026-04-09 03:35:19
MAT-0493,Function-based interactive ability,Chemicals,2683.74,378,45,PLT-PUN,2025-11-23 01:26:41
MAT-0494,Cross-group hybrid conglomeration,Finished Goods,1015.57,476,42,PLT-PUN,2026-01-01 13:15:15
MAT-0495,Multi-tiered 6thgeneration superstructure,Spare Parts,3110.14,268,42,PLT-HYD,2026-07-17 04:18:51
MAT-0496,Triple-buffered demand-driven structure,Spare Parts,3875.34,376,100,PLT-CHE,2026-01-07 19:04:17
MAT-0497,Upgradable radical infrastructure,Finished Goods,1898.71,61,92,PLT-PUN,2025-10-21 22:22:45
MAT-0498,Business-focused 24hour migration,Spare Parts,4213.64,213,46,PLT-CHE,2026-06-24 12:43:11
MAT-0499,Horizontal discrete paradigm,Finished Goods,2118.9,116,63,PLT-COI,2026-07-18 11:56:29
MAT-0500,Enhanced fresh-thinking project,Packaging,1705.34,11,64,PLT-PUN,2026-03-05 00:03:37
